text,exclusion_reason
I used to read Word Up magazine,offdomain
"Yelled antisemitic remarks at and bit some lady, like a madman…. Difference being she is going after money from him not jail time (civil vs criminal court)… But Roger is so into his principles, you’d think assaulting a woman in general was the onus, not jail. Oh also jones figured it would help him by pleading no contest to get it over with while puka somehow thinks he is innocent of all this (even though he checked into rehab because of it). Moral: shut your mouth and never admit to anything! ETA: also shut your mouth and don’t fucking bite people dumbass sports guy!!",offdomain_legal
"We got to go there on field trips, still mad they took that from us.",offdomain
This man is famous for solo dinners at bars/restaurants. Might not want this,offdomain
"I've had two latarjet surgeries after a repaired labrum surgery simply didn't work. For reference, I managed to break the screws a few years after the first latarjet surgery. Latarjet recovery IMO was a lot faster. It absolutely sucks after the nerve block wears off, but it really isn't too bad in terms of the recovery process. The labrum surgery didn't hold for more than two years. Statistically speaking, I really don't understand why football players get Labrum repairs. Their failure rate among young men in high contact sports is not good.",offdomain_medical
"It’s not going to trial. In WI, it’s 2 misdemeanors without any DV enhancers because of a technicality. He’s going to get a plea deal involving deferred prosecution and some BS program.",offdomain_legal
"I'm not involved in the web development side of things but I know we have been trying to implement some changes to make things a bit more user-friendly, so it's possible we have some bugs we need to iron out. Can you explain a bit more to me what you mean? I'd love to sort it out to keep things easy to use!",offdomain_meta
"12-team, 0.5 PPR Add: Rico Dowdle Drop: Chris Godwin? RBs: Gibbs, Javonte, Judkins, Corum, Emmett, Conner (IR) WRs: Pickens, Egbuka, Godwin, Adonai Mitchell Available RBs/WRs: Dowdle, Lloyd, KC, Tre Tucker",advice_request
Used to read this weekly. The fact you changed it from the reader bring able to scroll through to needing to click on every game to go to another page I won’t be.,offdomain_meta
"Love and Shough are right next to each other in basically every ranking, making my decision between the two of them nearly impossible Is having Christian Watson at FLEX the tiebreaker for Love?",advice_request
I had a really bad hernia years ago and doctor told me 6 weeks before I could start to lift again. Surgery is quick and first week is really the toughest part.,offdomain_medical
"Well you implied the judge was going to possibly deny the video sealing request. The judge would have already done so if that was going to happen. It’s guaranteed sealed Saying it’s possible to remain unsealed, serves no reason but to appease the Lloyd group.",offdomain_legal
Don’t you put that on me Ricky Bobby!,offdomain_joke
"# Raiders All-Pro and Pro Bowl TE Brock Bowers underwent a meniscus trim Tuesday in Dallas with Dr. Daniel Cooper and is expected to miss “a game or two”, league sources told me and . Bowers got banged up “a little in camp” and the injury was diagnosed last week.",news_report_no_claim
Do you have friends in another league who like drafting? I have done that before. A lot of people love the draft most of all so I got a volunteer once.,advice_request
Oh boy...Golden Thursday night or hold out for Moore with Odunze as backup option..,advice_request
"Are ya winning, son?",offdomain_joke
"Ding ding ding. Basically runs through your inguinal canal with all of those femoral nerves. When it gets fucked up it shortens, is constantly tight, it hurts every time you lift that leg. All of those nerves get irritated. Hurts from deep inside your abdomen down through your testicle. Feels like getting stabbed between your hip and belly button while having your testicle ache like you got hit there. How do i know? I hurt mine in 2019 and it can flare up and become a problem anytime i go running. Years of PT.",offdomain_medical
"12 team H2H with IDP (5 starters) B. Hall, J Tyson, B. Carter (Cincy LB) Or P. Washington & J. Warren I have Chase Brown, Corum, Bigsby (and Hall) for Rbs. Have Flowers, Jefferson, Odunze, Godwin (and Tyson on IR). I have a pretty deep LB lineup. His is weak. His Rbs are weak (Etienne and Hampton). Hoping this is fair enough to land Washington.",advice_request
"Zeke got six games for something he didn’t even do and now Josh Jacobs might get less time for something worse and he did it on camera. THIS is the kind of dude you could set an example with. Roger and the NFLs lack of accountability is the reason that there is a culture in the NFL of these dudes being irredeemable pieces of shit and it seems like no one cares. 4-6 games is such a joke they should up this baseline to a full season. These dudes shouldn’t be making millions of dollars the same year they assault a woman. I don’t see why anyone would be against that, it’s not that hard to not beat women. Fuck Josh Jacobs",offdomain_legal
"My wife chose to go the physical therapy route instead of surgery and she’s fine now. Hopefully this person was given options. PT sucked in the moment, but no lasting issues.",offdomain_medical
"Right. The slightly cynical view is that the NFL wants to review the video if possible before setting a suspension length, so that they can factor in how badly the public would react if it got out, and not have to scramble to change it like with Rice.",offdomain_legal
"That's what I was thinking. They don't want to suspend him then have the video footage come out after. Like Ray But couldn't they always change the suspension if more footage comes out after? If my memory is good, I recall them not suspending Ray Rice even tho apparently they saw the video footage but it wasn't public, and when it became public he never saw the field again.",offdomain_legal
"Don’t listen to the haters, big dog. Let us know if everything came out ok 👌🏼",offdomain
"Any Cardinals fans that watch every snap, how bad does he look? Is it bad getting off the line, bad coming out of his break, slow changes in direction, no separation in general, body language, etc...? Or does it seem to be more of how bad he is in practice, that they can't confidently look his way, so they have him out there as a decoy?",advice_request
As a doctors what’s your profesional opinion on biting hoes Is this a widely accepted practice in Medicine?,offdomain_joke
Q: What is the difference between a pregnant woman and a lightbulb? A: You can unscrew a lightbulb.,offdomain_joke
Ranking the Top-24 QBs for Week 3 of the NFL & Fantasy Football Season! We break down the best matchups for your fantasy draft picks and who you can feel confident starting as your QB1 and QB2. Timestamps: [0:00]( \- Week 3 Fantasy Football QB Rankings [0:19]( \- Josh Allen [0:38]( \- Lamar Jackson [1:01]( \- Patrick Mahomes [1:35]( \- Brock Purdy [2:12]( \- Jalen Hurts [2:36]( \- Joe Burrow [3:04]( \- Dak Prescott [3:31]( \- Justin Herbert [4:05]( \- Trevor Lawrence [4:33]( \- Jared Goff [4:59]( \- Tyler Shough [5:34]( \- Drake Maye [6:14]( \- Bryce Young [6:45]( \- Jordan Love [7:11]( \- Matthew Stafford [7:37]( \- Bo Nix [8:04]( \- Kyler Murray [8:35]( \- Malik Willis [9:11]( \- Kirk Cousins [9:42]( \- Baker Mayfield [10:12]( \- Geno Smith [10:47]( \- Drew Lock [11:14]( \- Jacoby Brissett [11:33]( \- Daniel Jones,promo_link_no_claim
I believe so but I am NOT a doctor,offdomain_medical
just a concussion i think,too_thin
Dont tell me how to do my job,offdomain
"Would be shocked if less than six. He was converted of a domestic battery - even if the jurisdiction the crime occurred leaves out the word domestic. For NFL purposes, I would think they treat it as domestic which carries 6 games as the baseline minimum. Hunt got 8 and wasn’t even charged with a crime and this incident seems similar level of severity. Jacobs was the one to initially request the video be sealed; as the NFL wants access they may very well view this as a lack of cooperation. I think he’d be lucky to get just six games.",offdomain_legal
Its 2qb so I get another. Herbert and Maye? I hate i have to roster 3qbs..but if a starter goes down you're basically fucked. Like the only starting QB on waivers rn is Mariota.,advice_request
!! 8 team league or a bunch of first-timers?,advice_request
"I'm not a lawyer but I wonder how much something like this affects the trial, like basically the NFL is notorious for being on the lenient side of the wrong things and any jury would infer that this is the NFL saying that even *it* cant ignore or wait this out.",offdomain_legal
We’re all counting on you. Please make a post here about it when the time comes.,offdomain
"Alright it's THURSDAY GAME DAY BABY LET'S GOOOO! Got anybody in tonight's game? Packers-Falcons; feels like one of those Thursday duds in the making but we'll see. For those who are new to the these charts: * Tiers are focused on upside. If you want to play it safe, go with the ECR (x-axis). If you're looking for a boom game, look at the upside variance (vertical color bars, y-axis). * Points above/below expectation: these get added once the season starts. * A star marker indicates the player has scored fantasy points above expectation on the season. * A cross marker indicates the player has scored below expectations. * The number of average points scored above/below expectation is beside the player's name. Best of luck my dudes!",structural_post
"Back this week with some fresh trade value charts! We had a brutal Week 2 with injuries and a lot of movement this week. Make sure to check in to confirm those priors. Trends will be back next week. I had a bug in my code that made them not work the last two weeks. **What makes these charts different?** These trade value charts generate a market snapshot by using a weighted formula that mixes aggregated expert rankings (from over three dozen sources), user trade data, and expected points models. The goal is to get as many references as possible to get a good picture of the market. Forget all that. Let’s skip to the charts! **TL;DR Here are the Trade Value Charts** * [non-PPR, 4 Point Passing TD, 1 QB]( * [half-PPR, 4 Point Passing TD, 1 QB]( * [PPR, 4 Point Passing TD, 1 QB]( [**How do I use these charts**]( Or you can always find all my [fantasy trade value charts]( on my website. Happy Trading my friends, \-PeakedInHighSkool",promo_link_no_claim
"Yeah, and then having to sleep in a chair for 7 weeks sucked too. However it worked really well. No more dislocations and I had dozens die to being hyper mobile.",offdomain_medical
"He has TE problems so I'm going to try to send out this. I give away rashee rice, bucky Irving and little for saquon, pickens and Kyle pitts. I think saquon is a good buy low target right now. What do you guys think of this trade?",advice_request
"Followed the Chargers last year sparingly and recall that they had multiple issues with their O-Line (injuries, rookies, position swap etc.) which naturally led to Herbert being pressured and hurried often. * From the past 2 games it seems like the same thing (O-line received mostly received PFF grades equivalent to an F in W2) is this the biggest reason for their very poor play? * Is it the McDaniel's offense? How is the offensive scheme in the past 2 games different from last year? commenters in another sub are predicting that McDaniels will probably lose play-calling duties if they go 0-4 and the offense will revert back to last year- what would that look like? * Is Hampton just having terrible back-to-back games with ball security issues? * What can/cannot be fixed and why (or why not) should owners of Chargers skill position players (Herbert, Ladd, QJ, Hampton, Harris Gadsden etc.) keep starting them?",advice_request
"Well, the funny thing is that news reporting is actually kind of dying as a profession...",offdomain
That’s a completely average amount. Some would say above average even,offdomain_joke
"[“I don’t claim just Louisiana cousins,” Coleman said. “His grandfather and my great-grandmother, they’re first cousins. We just found it out. Louisiana is a small place, and everybody from Louisiana—if they’re in Texas, their people come from Louisiana, for the most part.”](",offdomain
"Per the collective bargaining agreement with the NFLPA, any time spent on the commissioner’s exempt list is automatically applied as time served when a suspension is handed down. The Packers can’t apply their own additional suspension on top of this either. The standard suspension for domestic violence is 6 games and Goodell doesn’t have the unilateral authority to add on to that (it’s done by an independent arbiter). 99% certain that Jacobs will be playing in Week 7. As dumb as he was for getting himself into this mess, he’s done all the right steps legally to get back on the field (and get paid). He’s also paid off the woman he hit so she’s advocating on his behalf now.",offdomain_legal
"Well that’s jumping the gun. He can be taken off at any point and also issued a suspension (6 games seems to be the most common length for DV charges with no video based on precedent). But if there’s no update or clarity ahead of drafts obviously a massive risk. However, if he falls far enough in drafts could be a league winner for down the stretch",offdomain_legal
They play on Monday. Assuming they start practice tomorrow since they practice Saturday,too_thin
"I have a pretty decent team otherwise if things even out (Maye/Loveland sold me pretty hard), so I'm not \*too\* concerned, but RB is my major weakness. With 2 very good handcuffs (Black/Monangai) and Dobbins/George Holani as my other RB options would you hold Emmett Johnson over Lloyd? Someone dropped him to waivers but that Green Bay o-line looked horrible.",advice_request
"**Post your Dynasty and Best Ball questions here rather than individual posts.** ------------- **PLEASE INCLUDE THE FOLLOWING IN YOUR POSTS** * League specific rules and details (dynasty or best ball, league size, PPR/.5PPR/non-PPR, roster details, custom scoring, bonuses etc.) * Specific league rules * All players under consideration * Any other pertinent information. --------------------- **PLEASE TRY TO ANSWER SEVERAL OTHER PEOPLE'S QUESTIONS WHEN POSTING YOUR OWN** When answering questions, please make sure to sort by NEW! ---------------- Individual Dynasty or Best Ball threads posted after this point will be deleted in order to keep the subreddit clean. Post here instead! If everyone sorts by new, your questions should be answered. ---- **The following users have helped the most people in this thread:** User | # Helped in thread -------|:-----:",megathread_boilerplate
"If you do auto lineup on ESPN it will do this for you (my leagues are all archaic so not sure about sleeper, fuck espn as always)",platform_meta
Love this article more than any other FF article and also Disney World more than any other World themed park. I just went back for the first time since i was a youngin' about 6 months ago and I can appreciate the PeopleMover comment - probably now more than then. I'm trying to figure out if i should stream kicker with Jake Bates or stay the course. Have you ever thought about including kickers in the article?,advice_request
Did you at least stay at a holiday inn express last night?,offdomain_joke
Doesn't look like is active anymore but he had this tradition of summarizing weekly games by people who actually watched the games. Trying to restart that tradition. Summarize and discuss each game in comments.,offdomain_meta
Dont forget pass catching,too_thin
"This is still his Iliopsoas. And it sucks. Basically runs through your inguinal canal with all of those femoral nerves and is the major muscle that lifts your leg. When it gets fucked up it shortens, is constantly tight, it hurts every time you lift that leg. All of those nerves get irritated. Hurts from deep inside your abdomen down through your testicle. Feels like getting stabbed between your hip and belly button while having your testicle ache like you got hit there. How do i know? I hurt mine in 2019 and it can flare up and become a problem anytime i go running. Years of PT.",offdomain_medical
"I can actually answer this one. John Butler became GM in 2001, AJ Smith was the asst. John Butler hired Marty in 2002 to run Martyball through LT. 2003 Butler died from cancer. AJ was promoted to GM and drafted some fuckin studs. Rivers, VJax, Merriman, Sproles, Turner, Cromartie, Hardwick, Shaun Phillips, Luis Castillo, Marcus McNeill. Signed Gates as a UDFA, and picked up Lorenzo Neal. This won a lot of gratitude with Dean and the fans. AJ didn’t get along with Marty. And AJ thought, “fuck this guy, he’s ruining the team I built. We should have gotten to the Super Bowl.” So AJ Smith went to Dean and said “Let me fire Marty, or I walk.” Well, with the jerseys being sold, and the disappointing end to a 14-2 season and LT’s record, Dean said “yeah sure.” Long story short: cancer fucked over the Chargers.",offdomain_history
"In positive matchups where they are expected to score a bunch and lead for most of the game, how insane would it be to play both?",advice_request
What does the rest of your roster look like?,advice_request
"Michael Wilson, MHJ, or Tre Tucker",advice_request
"My dominant arm biceps tenodesis, labral debridement, and subacromial decompression sucked ass. Although i do imagine it would have been better with their level of care. My wife helped significantly and it was still a real pain especially trying to still be helpful as a dad. Hard to eat, shower, wipe, sleep.",offdomain_medical
"Yes of course! That all makes sense, we agree And that player would be….",too_thin
He’s suspended with pay and because he’s getting paid it’s indefinite. Can be removed whenever Roger wants.,offdomain_legal
Gadsden and Ferg are on waivers - I have Likely and Loveland. Either worth dropping at this point or ride out and take a risk on them being available next week? PPR.,advice_request
"12 team PPR, 2 RB 2 WR 1 TE 1 Flex Feel like I need a better flex option Trade AJB for ETN and Boston? Could also go for Golden and Schultz RBs are Bijan Breece Harvey Pollard Charb WRs are Olave Coker QJ Douglas AD Mitchell TE Loveland",advice_request
Does this mean I should start Tony Pollard over someone like Bucky Irving?,advice_request
Hip drops are illegal. 15 yard penalty,too_thin
Not comparing to Bowers at all but the worst mistake I ever made was getting my meniscus trimmed. Short term - total pain relief. But 3 years later and that knee isn’t right and never will be per my doctor.,offdomain_medical
What kind of curse is that?,too_thin
I have this issue in my hip. The first time I dislocated it I was literally in bed with my partner and it straight up just popped out of socket. She still finished though so it was all good.,offdomain_medical
"And it seems like part of that plea deal was the prosecutors would move to have the evidence (the video) sealed. There was a lot of buzz that if that video gets leaked it could be very bad for Jacobs, and apparently TMZ was trying very hard to get their hands on it.",offdomain_legal
Why are the Official ____ Daily threads not showing in my feed this year? I need to search for them instead,platform_meta
As someone who recently had ACL surgery I rely heavily on my upper body strength to be mobile. And I couldn’t imagine rehabbing both at the same time. So yeah it would be absolutely brutal.,offdomain_medical
It's a spite mustache,offdomain_joke
"That's the joke, yes.",too_thin
"Yes! My fave article of the week! Who are you thinking for an RB2 this week? Stevenson or Corum (PPR league) And for a 2nd Flex (assuming Puka doesn't play): Burden, Ferguson, or Doubs Thanks!",advice_request
